method_name,action_type,feature_set,calibration,policy,target_k,tau_answer_top5,tau_answer_after_more,test_decision_accuracy,test_coverage,test_selective_accuracy,test_insufficient_answer_rate,test_sufficient_abstain_rate,test_abstained_insufficient_rate,test_answered_sufficient_rate,test_false_answer_count,test_over_abstain_count,test_abstained_insufficient_count,test_answered_count,test_retrieval_rate,test_mean_added_docs
always_answer_top5,always_answer,none,none,always_answer,5,,,0.677158273381295,1.0,0.677158273381295,1.0,0.0,0.0,1.0,359,0,0,1112,0.0,0.0
always_answer_top10,always_answer,none,none,always_answer,10,,,0.7428057553956835,1.0,0.7428057553956835,1.0,0.0,0.0,1.0,286,0,0,1112,1.0,5.0
always_answer_top20,always_answer,none,none,always_answer,20,,,0.7715827338129496,1.0,0.7715827338129496,1.0,0.0,0.0,1.0,254,0,0,1112,1.0,15.0
top5/logistic_regression/v3_all/platt,answer_abstain_top5,v3_all,platt,balanced,5,0.4,,0.7913669064748201,0.7077338129496403,0.8310038119440915,0.37047353760445684,0.13147410358565736,0.6295264623955432,0.8685258964143426,133,99,226,787,0.0,0.0
top20/logistic_regression/v3_all/platt,answer_retrieve_more_abstain,v3_all,platt,retrieve_more_balanced,20,0.0,0.4,0.8462230215827338,0.7850719424460432,0.8934707903780069,0.3661417322834646,0.09090909090909091,0.6338582677165354,0.9090909090909091,93,78,161,873,1.0,15.0
top20/logistic_regression/v3_all/isotonic,answer_retrieve_more_abstain,v3_all,isotonic,retrieve_more_risk_control@suff_abstain15,20,0.0,0.35,0.8129496402877698,0.6834532374100719,0.9276315789473685,0.21653543307086615,0.17832167832167833,0.7834645669291339,0.8216783216783217,55,153,199,760,0.9847122302158273,14.77068345323741
top20/logistic_regression/v3_no_query/identity,answer_retrieve_more_abstain,v3_no_query,identity,retrieve_more@cov85,20,0.0,0.65,0.8507194244604317,0.8579136690647482,0.8626834381551363,0.515748031496063,0.04079254079254079,0.484251968503937,0.9592074592074592,131,35,123,954,1.0,15.0
