split,top_k,n,sufficient_count,insufficient_count,sufficient_rate,mean_support_title_coverage,answer_present_in_returned_docs_rate
train,5,5183,3962,1221,0.7644221493343624,0.852595022187922,0.8473856839668146
valid,5,1110,714,396,0.6432432432432432,0.7738738738738739,0.7666666666666667
test,5,1112,753,359,0.677158273381295,0.7927158273381295,0.7733812949640287
train,10,5183,3962,1221,0.7644221493343624,0.852595022187922,0.8473856839668146
valid,10,1110,801,309,0.7216216216216216,0.8193693693693693,0.7666666666666667
test,10,1112,826,286,0.7428057553956835,0.8336330935251799,0.7733812949640287
train,20,5183,3962,1221,0.7644221493343624,0.852595022187922,0.8473856839668146
valid,20,1110,826,284,0.7441441441441441,0.8346846846846847,0.7666666666666667
test,20,1112,858,254,0.7715827338129496,0.8525179856115108,0.7733812949640287
