policy,natural_coverage,natural_answered_f1,natural_isar,natural_sufficient_abstain_rate,stratified_coverage,stratified_answered_f1,stratified_isar,stratified_sufficient_abstain_rate,min_coverage,mean_answered_f1,max_isar,mean_isar,dominates_naive_top5_all_samples,dominates_naive_top20_all_samples
balanced,0.6916666666666667,0.7121542446843652,0.1,0.15,0.5444444444444444,0.45383867832847424,0.11666666666666667,0.23333333333333334,0.5444444444444444,0.5829964615064197,0.11666666666666667,0.10833333333333334,True,False
naive_top20,1.0,0.6563564213564214,0.4230769230769231,0.0,1.0,0.5121428571428571,0.3,0.0,1.0,0.5842496392496392,0.4230769230769231,0.36153846153846153,False,True
naive_top5,1.0,0.5934824434824435,0.225,0.0,1.0,0.34214285714285714,0.25,0.0,1.0,0.4678126503126503,0.25,0.2375,True,False
retrieve_more@cov85,0.8166666666666667,0.7190078628854139,0.23076923076923078,0.06382978723404255,0.7666666666666667,0.5887163561076605,0.16666666666666666,0.1,0.7666666666666667,0.6538621094965371,0.23076923076923078,0.19871794871794873,False,True
retrieve_more_balanced,0.75,0.7285986852653519,0.19230769230769232,0.11702127659574468,0.6777777777777778,0.6284933645589382,0.13333333333333333,0.18333333333333332,0.6777777777777778,0.6785460249121451,0.19230769230769232,0.16282051282051282,True,True
retrieve_more_risk_control@suff_abstain15,0.6833333333333333,0.730169288705874,0.15384615384615385,0.19148936170212766,0.4888888888888889,0.65995670995671,0.03333333333333333,0.35,0.4888888888888889,0.695062999331292,0.15384615384615385,0.09358974358974359,True,True
