split,n,context_doc_count_mean,context_doc_count_median,context_doc_count_min,context_doc_count_max,support_title_count_mean,context_all_support_present_count,context_all_support_present_rate,context_missing_support_question_count,context_missing_support_question_rate,global_pool_all_support_present_count,global_pool_all_support_present_rate,global_pool_missing_support_question_count,global_pool_missing_support_question_rate,context_missing_but_global_present_count,context_missing_but_global_present_rate,context_missing_with_fuzzy_title_count,context_missing_with_fuzzy_title_rate,mean_context_support_title_coverage,mean_global_pool_support_title_coverage
train,5183,9.943469033378353,10,0,10,2,1419,0.27377966428709244,3764,0.7262203357129076,1781,0.3436233841404592,3402,0.6563766158595408,362,0.06984371985336678,501,0.09666216476943855,0.5512251591742234,0.6027397260273972
valid,1110,9.931531531531531,10.0,0,10,2,311,0.2801801801801802,799,0.7198198198198198,383,0.345045045045045,727,0.6549549549549549,72,0.06486486486486487,107,0.0963963963963964,0.5612612612612613,0.6072072072072072
test,1112,9.964928057553957,10.0,0,10,2,359,0.322841726618705,753,0.677158273381295,418,0.37589928057553956,694,0.6241007194244604,59,0.053057553956834536,101,0.09082733812949641,0.5804856115107914,0.6245503597122302
all,7405,9.944902093180284,10,0,10,2,2089,0.2821066846725186,5316,0.7178933153274815,2582,0.3486833220796759,4823,0.6513166779203241,493,0.06657663740715733,709,0.09574611748818367,0.5571235651586766,0.6066846725185685
