experiment_type,estimator,feature_set,calibration_method,n_features,n_test,raw_brier,raw_ece,calibrated_brier,calibrated_ece,brier_delta,ece_delta,tau_answer,decision_accuracy,coverage,selective_accuracy,abstention_rate
calibration_comparison,logistic_regression,v2_all,identity,35,540,0.2074199455614853,0.06845136691527472,0.2074199455614853,0.06845136691527472,0.0,0.0,0.45,0.6574074074074074,0.387037037037037,0.7033492822966507,0.6129629629629629
calibration_comparison,logistic_regression,v2_all,platt,35,540,0.2074199455614853,0.06845136691527472,0.20796362586822353,0.08203099982294684,0.0005436803067382368,0.013579632907672126,0.45,0.6611111111111111,0.3907407407407407,0.7061611374407583,0.6092592592592593
calibration_comparison,logistic_regression,v2_all,isotonic,35,540,0.2074199455614853,0.06845136691527472,0.2092076992607063,0.03749094574578771,0.0017877536992209897,-0.03096042116948701,0.5,0.6592592592592592,0.40370370370370373,0.6972477064220184,0.5962962962962963
