experiment_type,estimator,feature_set,calibration_method,n_features,n_test,raw_brier,raw_ece,calibrated_brier,calibrated_ece,brier_delta,ece_delta,tau_answer,decision_accuracy,coverage,selective_accuracy,abstention_rate
feature_version,logistic_regression,v1,isotonic,12,540,0.2405160333120582,0.02443041054718534,0.24018864129447984,0.03689855399091276,-0.0003273920175783651,0.012468143443727424,0.5,0.5814814814814815,0.562962962962963,0.5723684210526315,0.437037037037037
feature_version,logistic_regression,v2,isotonic,35,540,0.2074199455614853,0.06845136691527472,0.2092076992607063,0.03749094574578771,0.0017877536992209897,-0.03096042116948701,0.5,0.6592592592592592,0.40370370370370373,0.6972477064220184,0.5962962962962963
