experiment_type,estimator,feature_set,calibration_method,n_features,n_test,raw_brier,raw_ece,calibrated_brier,calibrated_ece,brier_delta,ece_delta,tau_answer,decision_accuracy,coverage,selective_accuracy,abstention_rate
model_comparison,logistic_regression,v2_all,isotonic,35,540,0.2074199455614853,0.06845136691527472,0.2092076992607063,0.03749094574578771,0.0017877536992209897,-0.03096042116948701,0.5,0.6592592592592592,0.40370370370370373,0.6972477064220184,0.5962962962962963
model_comparison,random_forest,v2_all,isotonic,35,540,0.21864927257464947,0.02783243871848836,0.22130195317938722,0.054687819078009486,0.0026526806047377505,0.026855380359521126,0.5,0.6574074074074074,0.6129629629629629,0.6283987915407855,0.38703703703703707
model_comparison,gradient_boosting,v2_all,isotonic,35,540,0.21485868153817878,0.034699703904071594,0.2167246237398373,0.04100854063061638,0.0018659422016585325,0.006308836726544788,0.5,0.6555555555555556,0.5851851851851851,0.6329113924050633,0.41481481481481486
