question_type,n_test,sufficient_count,insufficient_count,brier,ece,decision_accuracy,coverage,selective_accuracy
bridge,440,220,220,0.2083487885972981,0.04111868732764713,0.65,0.41363636363636364,0.6813186813186813
comparison,100,50,50,0.21298690617970223,0.12038468820771518,0.7,0.36,0.7777777777777778
