estimator,calibration,raw_test_auroc,raw_test_auprc,calibrated_test_auroc,calibrated_test_auprc,raw_test_brier,raw_test_ece,calibrated_test_brier,calibrated_test_ece
logistic_regression,platt,0.8827158435321973,0.977900891829828,0.8827158435321973,0.977900891829828,0.08519476522910081,0.019057967501756284,0.08804021805891966,0.027946423030232356
logistic_regression_balanced,platt,0.8833111014773068,0.9780906121479285,0.8833111014773068,0.9780906121479285,0.14201487176468025,0.18988866943102067,0.08554034610655865,0.018580974740007968
random_forest,platt,0.8789150298462668,0.975473875463202,0.8789150298462668,0.975473875463202,0.08653559383332154,0.02371120812503588,0.08685241550533222,0.028427453354965822
gradient_boosting,platt,0.8753576549838263,0.9764381697916041,0.8753576549838263,0.9764381697916041,0.08769945615637027,0.021687281662943397,0.08890426911917153,0.03186124184856636
