method,estimator,calibration,policy,tau_answer,decision_accuracy,coverage,selective_accuracy,insufficient_answer_rate,sufficient_abstain_rate,false_answer_count,over_abstain_count,n_test
Naive RAG,none,none,always_answer,,0.14118705035971224,1.0,0.14118705035971224,1.0,0.0,1910,0,2224
CSR-RAG,logistic_regression,identity,balanced,0.5543249507267008,0.8821942446043165,0.09172661870503597,0.6274509803921569,0.039790575916230364,0.5923566878980892,76,186,2224
CSR-RAG,logistic_regression,identity,risk_control@cov85,0.995392914121073,0.26258992805755393,0.8776978417266187,0.1603483606557377,0.8581151832460733,0.0031847133757961785,1639,1,2224
