estimator,calibration,raw_test_auroc,raw_test_auprc,calibrated_test_auroc,calibrated_test_auprc,raw_test_brier,raw_test_ece,calibrated_test_brier,calibrated_test_ece
logistic_regression,identity,0.8827158435321973,0.977900891829828,0.8827158435321973,0.977900891829828,0.08519476522910081,0.019057967501756284,0.08519476522910081,0.019057967501756284
logistic_regression_balanced,identity,0.8833111014773068,0.9780906121479285,0.8833111014773068,0.9780906121479285,0.14201487176468025,0.18988866943102067,0.14201487176468025,0.18988866943102067
random_forest,identity,0.8789150298462668,0.975473875463202,0.8789150298462668,0.975473875463202,0.08653559383332154,0.023711208125035882,0.08653559383332154,0.023711208125035882
gradient_boosting,identity,0.8753576549838263,0.9764381697916041,0.8753576549838263,0.9764381697916041,0.08769945615637027,0.021687281662943397,0.08769945615637027,0.021687281662943397
