policy,action_type,target_k,n,coverage,answered_count,answered_em,answered_f1,answered_sufficient_rate,decision_insufficient_answer_rate,insufficient_substantive_answer_rate,sufficient_abstain_rate,false_answer_count,insufficient_substantive_count,wrong_substantive_count,over_abstain_count,tau_answer_top5,tau_answer_after_more
naive_top5,always_answer,5,120,1.0,120,0.5083333333333333,0.5934824434824435,0.6666666666666666,1.0,0.225,0.0,40,9,28,0,,
naive_top20,always_answer,20,120,1.0,120,0.525,0.6563564213564214,0.7833333333333333,1.0,0.4230769230769231,0.0,26,11,40,0,,
balanced,answer_abstain_top5,5,120,0.6916666666666667,83,0.6265060240963856,0.7121542446843652,0.8192771084337349,0.375,0.1,0.15,15,4,20,12,0.4,
retrieve_more_balanced,answer_retrieve_more_abstain,20,120,0.75,90,0.5777777777777777,0.7285986852653519,0.9222222222222223,0.2692307692307692,0.19230769230769232,0.11702127659574468,7,5,34,11,0.0,0.4
retrieve_more_risk_control@suff_abstain15,answer_retrieve_more_abstain,20,120,0.6833333333333333,82,0.5853658536585366,0.730169288705874,0.926829268292683,0.23076923076923078,0.15384615384615385,0.19148936170212766,6,4,30,18,0.0,0.35
retrieve_more@cov85,answer_retrieve_more_abstain,20,120,0.8166666666666667,98,0.5714285714285714,0.7190078628854139,0.8979591836734694,0.38461538461538464,0.23076923076923078,0.06382978723404255,10,6,36,6,0.0,0.65
