group,group_value,selected_variant,estimator,feature_set,blend_alpha,train_top5_sufficient_rate,valid_top5_sufficient_rate,test_top5_sufficient_rate,test_top10_sufficient_rate,test_top20_sufficient_rate,test_top5_gain_vs_original,train_test_gap_top5
blend_alpha,1.0,random_forest_balanced/all/blend1.00,random_forest_balanced,all,1.0,0.7644221493343624,0.6432432432432432,0.677158273381295,0.7428057553956835,0.7715827338129496,0.20773381294964027,0.0872638759530674
blend_alpha,0.75,random_forest_balanced/all/blend0.75,random_forest_balanced,all,0.75,0.7644221493343624,0.6324324324324324,0.6636690647482014,0.7446043165467626,0.7715827338129496,0.19424460431654672,0.10075308458616095
blend_alpha,0.5,random_forest_balanced/all/blend0.50,random_forest_balanced,all,0.5,0.7644221493343624,0.6081081081081081,0.6312949640287769,0.7338129496402878,0.7715827338129496,0.16187050359712224,0.13312718530558543
blend_alpha,0.25,random_forest_balanced/query_doc/blend0.25,random_forest_balanced,query_doc,0.25,0.7399189658498939,0.5567567567567567,0.5890287769784173,0.7149280575539568,0.7715827338129496,0.11960431654676257,0.15089018887147665
blend_alpha,original_rank,original_rank,none,none,,0.47540034728921476,0.44594594594594594,0.4694244604316547,0.664568345323741,0.7715827338129496,0.0,0.005975886857560064
blend_alpha,0.0,random_forest_balanced/rank_score/blend0.00,random_forest_balanced,rank_score,0.0,0.47520740883658114,0.44504504504504505,0.4694244604316547,0.6636690647482014,0.7715827338129496,0.0,0.005782948404926436
