group,group_value,selected_variant,estimator,feature_set,blend_alpha,train_top5_sufficient_rate,valid_top5_sufficient_rate,test_top5_sufficient_rate,test_top10_sufficient_rate,test_top20_sufficient_rate,test_top5_gain_vs_original,train_test_gap_top5
feature_set,all,random_forest_balanced/all/blend1.00,random_forest_balanced,all,1.0,0.7644221493343624,0.6432432432432432,0.677158273381295,0.7428057553956835,0.7715827338129496,0.20773381294964027,0.0872638759530674
feature_set,query_doc,random_forest_balanced/query_doc/blend1.00,random_forest_balanced,query_doc,1.0,0.7644221493343624,0.6207207207207207,0.6501798561151079,0.7311151079136691,0.7715827338129496,0.18075539568345317,0.1142422932192545
feature_set,bridge_context,gradient_boosting/bridge_context/blend1.00,gradient_boosting,bridge_context,1.0,0.6187536175959869,0.5891891891891892,0.60431654676259,0.7257194244604317,0.7715827338129496,0.13489208633093525,0.014437070833396959
feature_set,rank_score,logistic_regression_balanced/rank_score/blend1.00,logistic_regression_balanced,rank_score,1.0,0.5768859733744935,0.5567567567567567,0.5683453237410072,0.7140287769784173,0.7715827338129496,0.09892086330935251,0.00854064963348633
feature_set,original_rank,original_rank,none,none,,0.47540034728921476,0.44594594594594594,0.4694244604316547,0.664568345323741,0.7715827338129496,0.0,0.005975886857560064
