tau_answer,decision_accuracy,coverage,selective_accuracy,n_test
0.5,0.5814814814814815,0.562962962962963,0.5723684210526315,540
