method,n_test,raw_brier,raw_ece,calibrated_brier,calibrated_ece
isotonic,540,0.2405160333120582,0.02443041054718534,0.24018864129447984,0.03689855399091276
