policy,natural_coverage,natural_alias_accuracy,natural_judge_bad_rate,natural_alias_isar,stratified_coverage,stratified_alias_accuracy,stratified_judge_bad_rate,stratified_alias_isar,mean_alias_accuracy,max_judge_bad_rate,max_alias_isar,min_coverage
balanced,0.6916666666666667,0.7951807228915663,0.060240963855421686,0.025,0.5444444444444444,0.5306122448979592,0.04081632653061224,0.05,0.6628964838947627,0.060240963855421686,0.05,0.5444444444444444
naive_top20,1.0,0.775,0.058333333333333334,0.15384615384615385,1.0,0.6111111111111112,0.08888888888888889,0.1,0.6930555555555555,0.08888888888888889,0.15384615384615385,1.0
naive_top5,1.0,0.675,0.05,0.075,1.0,0.4111111111111111,0.05555555555555555,0.08333333333333333,0.5430555555555556,0.05555555555555555,0.08333333333333333,1.0
retrieve_more@cov85,0.8166666666666667,0.8673469387755102,0.05102040816326531,0.07692307692307693,0.7666666666666667,0.7246376811594203,0.08695652173913043,0.06666666666666667,0.7959923099674653,0.08695652173913043,0.07692307692307693,0.7666666666666667
retrieve_more_balanced,0.75,0.8888888888888888,0.044444444444444446,0.038461538461538464,0.6777777777777778,0.7377049180327869,0.08196721311475409,0.06666666666666667,0.8132969034608379,0.08196721311475409,0.06666666666666667,0.6777777777777778
retrieve_more_risk_control@suff_abstain15,0.6833333333333333,0.8902439024390244,0.04878048780487805,0.038461538461538464,0.4888888888888889,0.7727272727272727,0.09090909090909091,0.03333333333333333,0.8314855875831486,0.09090909090909091,0.038461538461538464,0.4888888888888889
