experiment_type,estimator,feature_set,calibration_method,n_features,n_test,raw_brier,raw_ece,calibrated_brier,calibrated_ece,brier_delta,ece_delta,tau_answer,decision_accuracy,coverage,selective_accuracy,abstention_rate
calibration_comparison,logistic_regression,all_embedding,identity,40,270,0.08346247079567648,0.049199731831346,0.08346247079567648,0.049199731831346,0.0,0.0,0.8,0.9,0.9925925925925926,0.9067164179104478,0.007407407407407418
calibration_comparison,logistic_regression,all_embedding,platt,40,270,0.08346247079567648,0.049199731831346,0.0800436669949157,0.03513844882935217,-0.003418803800760775,-0.01406128300199383,0.35,0.9037037037037037,0.9962962962962963,0.9070631970260223,0.0037037037037036535
calibration_comparison,logistic_regression,all_embedding,isotonic,40,270,0.08346247079567648,0.049199731831346,0.0829565873020218,0.054397452768472354,-0.0005058834936546852,0.005197720937126352,0.4,0.8962962962962963,0.9888888888888889,0.9063670411985019,0.011111111111111072
