experiment_type,estimator,feature_set,calibration_method,n_features,n_test,raw_brier,raw_ece,calibrated_brier,calibrated_ece,brier_delta,ece_delta,tau_answer,decision_accuracy,coverage,selective_accuracy,abstention_rate
model_comparison,logistic_regression,all_embedding,isotonic,40,270,0.08346247079567648,0.049199731831346,0.0829565873020218,0.054397452768472354,-0.0005058834936546852,0.005197720937126352,0.4,0.8962962962962963,0.9888888888888889,0.9063670411985019,0.011111111111111072
model_comparison,random_forest,all_embedding,isotonic,40,270,0.07887973204596513,0.037362583507027966,0.08787210629953987,0.05616731278128939,0.008992374253574742,0.018804729274261425,0.1,0.8518518518518519,0.8851851851851852,0.9288702928870293,0.11481481481481481
model_comparison,gradient_boosting,all_embedding,isotonic,40,270,0.08184957791041607,0.04460374295270293,0.08841288234899189,0.04860326087011022,0.0065633044385758205,0.00399951791740729,0.45,0.9037037037037037,0.9962962962962963,0.9070631970260223,0.0037037037037036535
