bin,left,right,count,avg_predicted_risk,empirical_risk
0,0.0,0.1,170,0.02209754393396856,0.058823529411764705
1,0.1,0.2,70,0.15567063220632343,0.08571428571428572
2,0.2,0.30000000000000004,0,,
3,0.30000000000000004,0.4,0,,
4,0.4,0.5,28,0.40194621872612624,0.32142857142857145
5,0.5,0.6000000000000001,1,0.5280719316557836,0.0
6,0.6000000000000001,0.7000000000000001,0,,
7,0.7000000000000001,0.8,1,0.7643844058322327,0.0
8,0.8,0.9,0,,
9,0.9,1.0,0,,
