method_name,action_type,feature_set,calibration,policy,target_k,tau_answer_top5,tau_answer_after_more,test_decision_accuracy,test_coverage,test_selective_accuracy,test_insufficient_answer_rate,test_sufficient_abstain_rate,test_abstained_insufficient_rate,test_answered_sufficient_rate,test_false_answer_count,test_over_abstain_count,test_abstained_insufficient_count,test_answered_count,test_retrieval_rate,test_mean_added_docs
always_answer_top5,always_answer,none,none,always_answer,5,,,0.4694244604316547,1.0,0.4694244604316547,1.0,0.0,0.0,1.0,590,0,0,1112,0.0,0.0
always_answer_top10,always_answer,none,none,always_answer,10,,,0.6636690647482014,1.0,0.6636690647482014,1.0,0.0,0.0,1.0,374,0,0,1112,1.0,5.0
always_answer_top20,always_answer,none,none,always_answer,20,,,0.7715827338129496,1.0,0.7715827338129496,1.0,0.0,0.0,1.0,254,0,0,1112,1.0,15.0
top5/logistic_regression/v3_all/platt,answer_abstain_top5,v3_all,platt,balanced,5,0.45,,0.7733812949640287,0.3920863309352518,0.8096330275229358,0.14067796610169492,0.32375478927203066,0.8593220338983051,0.6762452107279694,83,169,507,436,0.0,0.0
top20/logistic_regression/v3_no_query/isotonic,answer_retrieve_more_abstain,v3_no_query,isotonic,retrieve_more_balanced,20,0.1,0.35,0.8435251798561151,0.8156474820143885,0.8743109151047409,0.44015444015444016,0.07033997655334115,0.5598455598455598,0.9296600234466589,114,60,145,907,0.8983812949640287,13.475719424460431
top10/logistic_regression/v3_no_query/identity,answer_retrieve_more_abstain,v3_no_query,identity,retrieve_more_risk_control@suff_abstain15,10,0.1,0.4,0.7859712230215827,0.6420863309352518,0.8473389355742297,0.28835978835978837,0.17574931880108993,0.7116402116402116,0.8242506811989101,109,129,269,714,0.9118705035971223,4.559352517985611
top20/logistic_regression/v3_all/identity,answer_retrieve_more_abstain,v3_all,identity,retrieve_more@cov85,20,0.15,0.6,0.8390287769784173,0.8723021582733813,0.8463917525773196,0.5708812260536399,0.03525264394829612,0.42911877394636017,0.9647473560517039,149,30,112,970,0.8453237410071942,12.679856115107913
