split,top_k,n,sufficient_count,insufficient_count,sufficient_rate,mean_support_title_coverage,answer_present_in_returned_docs_rate
train,5,5183,2464,2719,0.47540034728921476,0.6776963148755547,0.6957360601967972
valid,5,1110,495,615,0.44594594594594594,0.6549549549549549,0.6711711711711712
test,5,1112,522,590,0.4694244604316547,0.6672661870503597,0.6690647482014388
train,10,5183,3390,1793,0.6540613544279374,0.7819795485240209,0.6957360601967972
valid,10,1110,697,413,0.627927927927928,0.7657657657657657,0.6711711711711712
test,10,1112,738,374,0.6636690647482014,0.7846223021582733,0.6690647482014388
train,20,5183,3962,1221,0.7644221493343624,0.852595022187922,0.6957360601967972
valid,20,1110,826,284,0.7441441441441441,0.8346846846846847,0.6711711711711712
test,20,1112,858,254,0.7715827338129496,0.8525179856115108,0.6690647482014388
