experiment_type,estimator,feature_set,calibration_method,n_features,n_test,raw_brier,raw_ece,calibrated_brier,calibrated_ece,brier_delta,ece_delta,tau_answer,decision_accuracy,coverage,selective_accuracy,abstention_rate
calibration_comparison,logistic_regression,all_embedding,identity,40,270,0.11450690532773525,0.05337122927225933,0.11450690532773525,0.05337122927225933,0.0,0.0,0.6,0.8333333333333334,0.9185185185185185,0.8467741935483871,0.08148148148148149
calibration_comparison,logistic_regression,all_embedding,platt,40,270,0.11450690532773525,0.05337122927225933,0.12097835691818301,0.09438005144399451,0.006471451590447763,0.04100882217173518,0.45,0.825925925925926,0.9111111111111111,0.8455284552845529,0.0888888888888889
calibration_comparison,logistic_regression,all_embedding,isotonic,40,270,0.11450690532773525,0.05337122927225933,0.11571994558204513,0.06363202893746436,0.0012130402543098773,0.010260799665205031,0.5,0.8333333333333334,0.9185185185185185,0.8467741935483871,0.08148148148148149
