experiment_type,estimator,feature_set,calibration_method,n_features,n_test,raw_brier,raw_ece,calibrated_brier,calibrated_ece,brier_delta,ece_delta,tau_answer,decision_accuracy,coverage,selective_accuracy,abstention_rate
model_comparison,logistic_regression,all_embedding,isotonic,40,270,0.11450690532773525,0.05337122927225933,0.11571994558204513,0.06363202893746436,0.0012130402543098773,0.010260799665205031,0.5,0.8333333333333334,0.9185185185185185,0.8467741935483871,0.08148148148148149
model_comparison,random_forest,all_embedding,isotonic,40,270,0.11990056124242202,0.032300856756412345,0.12162612122745431,0.053902109821641335,0.0017255599850322934,0.02160125306522899,0.4,0.8407407407407408,0.9037037037037037,0.8565573770491803,0.09629629629629632
model_comparison,gradient_boosting,all_embedding,isotonic,40,270,0.12157082410486095,0.04786068927163359,0.12492903143416503,0.06776173322758935,0.003358207329304086,0.019901043955955766,0.5,0.8481481481481481,0.9111111111111111,0.8577235772357723,0.0888888888888889
