estimator,calibration,raw_test_auroc,raw_test_auprc,calibrated_test_auroc,calibrated_test_auprc,raw_test_brier,raw_test_ece,calibrated_test_brier,calibrated_test_ece,balanced_tau_answer,balanced_test_insufficient_precision,balanced_test_insufficient_recall,balanced_test_insufficient_f1
logistic_regression,isotonic,0.8553169289626988,0.610443213107752,0.8462742370228676,0.5618297375738033,0.11450690532773525,0.05337122927225933,0.11571994558204513,0.06363202893746436,0.5,0.6818181818181818,0.2830188679245283,0.39999999999999997
random_forest,isotonic,0.8190592122424137,0.6010463366077594,0.8141031214676986,0.5585004714391155,0.11990056124242202,0.032300856756412345,0.12162612122745431,0.053902109821641335,0.4,0.6923076923076923,0.33962264150943394,0.4556962025316456
gradient_boosting,isotonic,0.8358403617076775,0.5711109041309408,0.8179723502304148,0.5287472415781894,0.12157082410486095,0.04786068927163359,0.12492903143416503,0.06776173322758935,0.5,0.75,0.33962264150943394,0.4675324675324676
