policy,action_type,target_k,n,coverage,answered_count,answered_em,answered_f1,answered_sufficient_rate,decision_insufficient_answer_rate,insufficient_substantive_answer_rate,sufficient_abstain_rate,false_answer_count,insufficient_substantive_count,wrong_substantive_count,over_abstain_count,tau_answer_top5,tau_answer_after_more
naive_top5,always_answer,5,90,1.0,90,0.26666666666666666,0.34214285714285714,0.3333333333333333,1.0,0.25,0.0,60,15,20,0,,
naive_top20,always_answer,20,90,1.0,90,0.3888888888888889,0.5121428571428571,0.6666666666666666,1.0,0.3,0.0,30,9,32,0,,
balanced,answer_abstain_top5,5,90,0.5444444444444444,49,0.3877551020408163,0.45383867832847424,0.46938775510204084,0.43333333333333335,0.11666666666666667,0.23333333333333334,26,7,11,7,0.4,
retrieve_more_balanced,answer_retrieve_more_abstain,20,90,0.6777777777777778,61,0.5081967213114754,0.6284933645589382,0.8032786885245902,0.4,0.13333333333333333,0.18333333333333332,12,4,22,11,0.0,0.4
retrieve_more_risk_control@suff_abstain15,answer_retrieve_more_abstain,20,90,0.4888888888888889,44,0.5227272727272727,0.65995670995671,0.8863636363636364,0.16666666666666666,0.03333333333333333,0.35,5,1,17,21,0.0,0.35
retrieve_more@cov85,answer_retrieve_more_abstain,20,90,0.7666666666666667,69,0.4492753623188406,0.5887163561076605,0.782608695652174,0.5,0.16666666666666666,0.1,15,5,28,6,0.0,0.65
