experiment_type,estimator,feature_set,calibration_method,n_features,n_test,raw_brier,raw_ece,calibrated_brier,calibrated_ece,brier_delta,ece_delta,tau_answer,decision_accuracy,coverage,selective_accuracy,abstention_rate
feature_ablation,logistic_regression,all_features,isotonic,12,540,0.2405160333120582,0.02443041054718534,0.24018864129447984,0.03689855399091276,-0.0003273920175783651,0.012468143443727424,0.5,0.5814814814814815,0.562962962962963,0.5723684210526315,0.437037037037037
feature_ablation,logistic_regression,query_only,isotonic,3,540,0.25,0.0,0.25,0.0,0.0,0.0,0.5,0.5,1.0,0.5,0.0
feature_ablation,logistic_regression,retrieval_only,isotonic,5,540,0.24098731412639637,0.04182312271388531,0.24010113692042542,0.030137098219006807,-0.0008861772059709505,-0.011686024494878502,0.5,0.5833333333333334,0.5611111111111111,0.5742574257425742,0.4388888888888889
feature_ablation,logistic_regression,lexical_only,isotonic,4,540,0.24822166606649945,0.0037681536195602176,0.24788720102446538,0.021239734946631294,-0.0003344650420340767,0.017471581327071075,0.5,0.5444444444444444,0.48518518518518516,0.5458015267175572,0.5148148148148148
feature_ablation,logistic_regression,no_query,isotonic,9,540,0.24074556979201656,0.028588949200809503,0.24016557676043232,0.02601354272907916,-0.0005799930315842361,-0.0025754064717303446,0.45,0.5814814814814815,0.37407407407407406,0.6089108910891089,0.625925925925926
feature_ablation,logistic_regression,no_retrieval,isotonic,7,540,0.2481256700208017,0.014731472046361922,0.2502531249304388,0.04543156546785456,0.0021274549096370887,0.030700093421492637,0.5,0.512962962962963,0.3648148148148148,0.5177664974619289,0.6351851851851852
feature_ablation,logistic_regression,no_lexical,isotonic,8,540,0.24088286639905213,0.02463354239785722,0.24178308758082748,0.032467058252339025,0.0009002211817753514,0.007833515854481804,0.5,0.575925925925926,0.4981481481481482,0.5762081784386617,0.5018518518518518
