experiment_type,estimator,feature_set,calibration_method,n_features,n_test,raw_brier,raw_ece,calibrated_brier,calibrated_ece,brier_delta,ece_delta,tau_answer,decision_accuracy,coverage,selective_accuracy,abstention_rate
model_comparison,logistic_regression,all_features,isotonic,12,540,0.2405160333120582,0.02443041054718534,0.24018864129447984,0.03689855399091276,-0.0003273920175783651,0.012468143443727424,0.5,0.5814814814814815,0.562962962962963,0.5723684210526315,0.437037037037037
model_comparison,random_forest,all_features,isotonic,12,540,0.24266937005842365,0.043779527295940195,0.24419501757764725,0.019522145016248577,0.0015256475192235996,-0.024257382279691618,0.5,0.5740740740740741,0.4703703703703704,0.5787401574803149,0.5296296296296297
model_comparison,gradient_boosting,all_features,isotonic,12,540,0.2406396038187152,0.024881508711889204,0.24265942359360562,0.0401005767767596,0.0020198197748904356,0.015219068064870396,0.4,0.5722222222222222,0.3574074074074074,0.6010362694300518,0.6425925925925926
