question_type,n_test,sufficient_count,insufficient_count,brier,ece,tau_answer,decision_accuracy,coverage,selective_accuracy
bridge,440,220,220,0.23914242556197957,0.03863107336933315,0.5,0.5840909090909091,0.5613636363636364,0.5748987854251012
comparison,100,50,50,0.24479199051748068,0.08482175970059987,0.5,0.57,0.57,0.5614035087719298
