policy,action_type,target_k,n,coverage,answered_count,strict_answered_em,answered_f1,alias_corrected_answer_accuracy,lenient_corrected_answer_accuracy,strict_wrong_substantive_count,alias_corrected_wrong_substantive_count,lenient_corrected_wrong_substantive_count,judge_bad_answer_count,judge_bad_answer_rate,strict_insufficient_substantive_answer_rate,alias_corrected_insufficient_substantive_answer_rate,lenient_corrected_insufficient_substantive_answer_rate
naive_top5,always_answer,5,120,1.0,120,0.5083333333333333,0.5934824434824435,0.675,0.6916666666666667,28,8,6,6,0.05,0.225,0.075,0.05
naive_top20,always_answer,20,120,1.0,120,0.525,0.6563564213564214,0.775,0.7916666666666666,40,10,8,7,0.058333333333333334,0.4230769230769231,0.15384615384615385,0.15384615384615385
balanced,answer_abstain_top5,5,120,0.6916666666666667,83,0.6265060240963856,0.7121542446843652,0.7951807228915663,0.8072289156626506,20,6,5,5,0.060240963855421686,0.1,0.025,0.025
retrieve_more_balanced,answer_retrieve_more_abstain,20,120,0.75,90,0.5777777777777777,0.7285986852653519,0.8888888888888888,0.9,34,6,5,4,0.044444444444444446,0.19230769230769232,0.038461538461538464,0.038461538461538464
retrieve_more_risk_control@suff_abstain15,answer_retrieve_more_abstain,20,120,0.6833333333333333,82,0.5853658536585366,0.730169288705874,0.8902439024390244,0.9024390243902439,30,5,4,4,0.04878048780487805,0.15384615384615385,0.038461538461538464,0.038461538461538464
retrieve_more@cov85,answer_retrieve_more_abstain,20,120,0.8166666666666667,98,0.5714285714285714,0.7190078628854139,0.8673469387755102,0.8775510204081632,36,7,6,5,0.05102040816326531,0.23076923076923078,0.07692307692307693,0.07692307692307693
