policy,tau_answer,n,coverage,answered_count,answered_em,answered_f1,answered_sufficient_rate,insufficient_answer_rate,sufficient_abstain_rate,abstained_insufficient_rate,false_answer_count,over_abstain_count,json_parse_failure_rate,format_failure_rate
naive_always_answer,,100,1.0,100,0.56,0.7093189033189033,0.87,1.0,0.0,0.0,13,0,0.0,0.0
balanced,0.5,100,0.96,96,0.5729166666666666,0.7215127465127464,0.8854166666666666,0.8461538461538461,0.022988505747126436,0.15384615384615385,11,2,0.0,0.0
reliable@cov85,0.4,100,0.94,94,0.574468085106383,0.719133585091032,0.8936170212765957,0.7692307692307693,0.034482758620689655,0.23076923076923078,10,3,0.0,0.0
risk_control@suff_abstain15,0.3,100,0.81,81,0.5925925925925926,0.7604760123278642,0.9506172839506173,0.3076923076923077,0.11494252873563218,0.6923076923076923,4,10,0.0,0.0
high_precision@cov50,0.05,100,0.53,53,0.6037735849056604,0.7635383484440088,0.9622641509433962,0.15384615384615385,0.41379310344827586,0.8461538461538461,2,36,0.0,0.0
