policy,estimator,calibration,tau_answer,raw_test_brier,raw_test_ece,calibrated_test_brier,calibrated_test_ece,valid_decision_accuracy,valid_coverage,valid_selective_accuracy,valid_insufficient_answer_rate,valid_sufficient_abstain_rate,valid_abstained_insufficient_rate,valid_answered_sufficient_rate,valid_false_answer_count,valid_over_abstain_count,valid_abstained_insufficient_count,valid_answered_count,test_decision_accuracy,test_coverage,test_selective_accuracy,test_insufficient_answer_rate,test_sufficient_abstain_rate,test_abstained_insufficient_rate,test_answered_sufficient_rate,test_false_answer_count,test_over_abstain_count,test_abstained_insufficient_count,test_answered_count
balanced,logistic_regression,isotonic,0.5,0.11450690532773525,0.05337122927225933,0.11571994558204513,0.06363202893746436,0.8703703703703703,0.9296296296296296,0.8764940239043825,0.6739130434782609,0.017857142857142856,0.32608695652173914,0.9821428571428571,31,4,15,251,0.8333333333333334,0.9185185185185185,0.8467741935483871,0.7169811320754716,0.03225806451612903,0.2830188679245283,0.967741935483871,38,7,15,248
reliable@cov85,logistic_regression,isotonic,0.4,0.11450690532773525,0.05337122927225933,0.11571994558204513,0.06363202893746436,0.8666666666666667,0.8666666666666667,0.9017094017094017,0.5,0.05803571428571429,0.5,0.9419642857142857,23,13,23,234,0.8222222222222222,0.8851851851851852,0.8535564853556485,0.660377358490566,0.059907834101382486,0.33962264150943394,0.9400921658986175,35,13,18,239
risk_control@suff_abstain15,logistic_regression,isotonic,0.3,0.11450690532773525,0.05337122927225933,0.11571994558204513,0.06363202893746436,0.8444444444444444,0.7777777777777778,0.9333333333333333,0.30434782608695654,0.125,0.6956521739130435,0.875,14,28,32,210,0.8296296296296296,0.7592592592592593,0.9170731707317074,0.32075471698113206,0.1336405529953917,0.6792452830188679,0.8663594470046083,17,29,36,205
high_precision@cov50,logistic_regression,isotonic,0.05,0.11450690532773525,0.05337122927225933,0.11571994558204513,0.06363202893746436,0.6518518518518519,0.5037037037037037,0.9779411764705882,0.06521739130434782,0.40625,0.9347826086956522,0.59375,3,91,43,136,0.6592592592592592,0.5,0.9629629629629629,0.09433962264150944,0.4009216589861751,0.9056603773584906,0.5990783410138248,5,87,48,135
