estimator,calibration,policy,tau_answer,n,coverage,answered_count,answered_em,answered_f1,answered_sufficient_rate,decision_insufficient_answer_rate,unsupported_substantive_answer_rate,unsupported_substantive_rate_among_answered_insufficient,sufficient_abstain_rate,abstained_insufficient_rate,false_answer_count,unsupported_substantive_count,over_abstain_count,json_parse_failure_rate,format_failure_rate,qa_rescore_calls_llm,coverage85_decision_insufficient_answer_rate_lower_bound
none,none,naive_always_answer,,300,1.0,300,0.31333333333333335,0.4088938653938654,0.3333333333333333,1.0,0.335,0.335,0.0,0.0,200,67,0,0.0033333333333333335,0.0033333333333333335,False,0.775
logistic_regression,isotonic,balanced,0.4774774774774775,300,0.19666666666666666,59,0.423728813559322,0.6160650084378898,0.7966101694915254,0.06,0.035,0.5833333333333334,0.53,0.94,12,7,53,0.0033333333333333335,0.0033333333333333335,False,0.775
logistic_regression,isotonic,reliable@cov85,1.0,300,1.0,300,0.31333333333333335,0.4088938653938654,0.3333333333333333,1.0,0.335,0.335,0.0,0.0,200,67,0,0.0033333333333333335,0.0033333333333333335,False,0.775
logistic_regression,isotonic,risk_control@cov85,1.0,300,1.0,300,0.31333333333333335,0.4088938653938654,0.3333333333333333,1.0,0.335,0.335,0.0,0.0,200,67,0,0.0033333333333333335,0.0033333333333333335,False,0.775
logistic_regression,isotonic,high_precision@cov50,0.9693251533742331,300,0.5833333333333334,175,0.44,0.573331969617684,0.5314285714285715,0.41,0.22,0.5365853658536586,0.07,0.59,82,44,7,0.0033333333333333335,0.0033333333333333335,False,0.775
