variant_label,variant_id,n_seeds,test_top5_mean,test_top5_std,test_top5_min,test_top5_max,test_top10_mean,test_top10_std,test_top10_min,test_top10_max,test_top20_mean,test_top20_std,test_top20_min,test_top20_max,valid_top5_mean,valid_top5_std,valid_top5_min,valid_top5_max,train_test_gap_top5_mean,train_test_gap_top5_std,train_test_gap_top5_min,train_test_gap_top5_max,valid_test_gap_top5_mean,valid_test_gap_top5_std,valid_test_gap_top5_min,valid_test_gap_top5_max
gb_all,gradient_boosting/all/blend1.00,5,0.64568345323741,0.0,0.64568345323741,0.64568345323741,0.7392086330935251,0.0,0.7392086330935251,0.7392086330935251,0.7715827338129496,0.0,0.7715827338129496,0.7715827338129496,0.6270270270270271,0.0,0.6270270270270271,0.6270270270270271,0.003168562969419919,0.0,0.003168562969419919,0.003168562969419919,-0.018656426210382993,0.0,-0.018656426210382993,-0.018656426210382993
lr_all,logistic_regression_balanced/all/blend1.00,5,0.6411870503597122,0.0,0.6411870503597122,0.6411870503597122,0.7392086330935251,0.0,0.7392086330935251,0.7392086330935251,0.7715827338129496,0.0,0.7715827338129496,0.7715827338129496,0.6207207207207207,0.0,0.6207207207207207,0.6207207207207207,0.003420319889178347,0.0,0.003420319889178347,0.003420319889178347,-0.02046632963899153,0.0,-0.02046632963899153,-0.02046632963899153
rf_all,random_forest_balanced/all/blend1.00,5,0.6755395683453237,0.0023277300549540835,0.6726618705035972,0.6780575539568345,0.7444244604316547,0.002239190575177816,0.7428057553956835,0.7482014388489209,0.7715827338129496,0.0,0.7715827338129496,0.7715827338129496,0.6446846846846848,0.0018681478696691905,0.6432432432432432,0.6477477477477478,0.0888825809890386,0.0023277300549540835,0.08636459537752783,0.09176027883076521,-0.030854883660639088,0.003743304497350389,-0.03481431071359131,-0.02581340333138893
