method,tau_answer,valid_decision_accuracy,valid_coverage,valid_selective_accuracy,test_decision_accuracy,test_coverage,test_selective_accuracy,n_test
identity,0.5,0.587037037037037,0.4981481481481482,0.587360594795539,0.575925925925926,0.47962962962962963,0.5791505791505791,540
platt,0.5,0.5851851851851851,0.4925925925925926,0.5864661654135338,0.5796296296296296,0.4722222222222222,0.5843137254901961,540
isotonic,0.5,0.5944444444444444,0.5907407407407408,0.5799373040752351,0.5814814814814815,0.562962962962963,0.5723684210526315,540
