method,n_valid,n_test,raw_brier,raw_ece,calibrated_brier,calibrated_ece,brier_delta,ece_delta
identity,540,540,0.2405160333120582,0.02443041054718534,0.2405160333120582,0.02443041054718534,0.0,0.0
platt,540,540,0.2405160333120582,0.02443041054718534,0.2421590801766636,0.03664339041303464,0.0016430468646053964,0.0122129798658493
isotonic,540,540,0.2405160333120582,0.02443041054718534,0.24018864129447984,0.03689855399091276,-0.0003273920175783651,0.012468143443727424
