split,base_questions,paired_records,base_sufficient_count,base_insufficient_count,base_sufficient_rate,paired_sufficient_count,paired_insufficient_count,paired_sufficient_rate,mean_injected_support_title_count,oracle_records
train,5183,10366,1556,3627,0.30021223229789695,6739,3627,0.6501061161489485,0.8149720239243681,5183
valid,1110,2220,324,786,0.2918918918918919,1434,786,0.6459459459459459,0.8423423423423423,1110
test,1112,2224,361,751,0.32464028776978415,1473,751,0.6623201438848921,0.8057553956834532,1112
all,7405,14810,2241,5164,0.3026333558406482,9646,5164,0.6513166779203241,0.8176907494935854,7405
