estimator,calibration,raw_test_auroc,raw_test_auprc,calibrated_test_auroc,calibrated_test_auprc,raw_test_brier,raw_test_ece,calibrated_test_brier,calibrated_test_ece
logistic_regression,isotonic,0.8827158435321973,0.977900891829828,0.8805874212158602,0.9748297545461316,0.08519476522910081,0.019057967501756284,0.08615233682936263,0.01869312711569924
logistic_regression_balanced,isotonic,0.8833111014773068,0.9780906121479285,0.8833869676859973,0.9751382379583973,0.14201487176468025,0.18988866943102067,0.0854021755828582,0.02108223647691291
random_forest,isotonic,0.8789150298462668,0.975473875463202,0.8756452796211691,0.9716767787357072,0.08653559383332154,0.02371120812503588,0.08639170902857861,0.020732691637084053
gradient_boosting,isotonic,0.8753576549838263,0.9764381697916041,0.8706055957581618,0.9706172662625643,0.08769945615637027,0.021687281662943397,0.08697087935836642,0.015892234037831965
