variant,estimator_label,train_top5,valid_top5,test_top5,test_top10,test_top20,test_gain_vs_original,approx_test_question_gain_vs_original,train_test_gap,train_valid_gap,doc_train_auprc,doc_valid_auprc,doc_test_auprc,doc_train_test_auprc_gap,doc_test_auroc
original_rank,original_rank,0.47540034728921476,0.44594594594594594,0.4694244604316547,0.664568345323741,0.7715827338129496,0.0,0,0.005975886857560064,0.02945440134326882,,,,,
random_forest_balanced/all/blend1.00,random_forest_balanced,0.7644221493343624,0.6432432432432432,0.677158273381295,0.7428057553956835,0.7715827338129496,0.20773381294964027,231,0.0872638759530674,0.12117890609111914,0.9937083100885431,0.8065783549156835,0.8003791818977846,0.19332912819075854,0.9538412534988054
gradient_boosting/all/blend1.00,gradient_boosting,0.64885201620683,0.6270270270270271,0.64568345323741,0.7392086330935251,0.7715827338129496,0.17625899280575535,196,0.003168562969419919,0.02182498917980291,0.7611368128076311,0.7647916390310556,0.7671165840134037,-0.005979771205772533,0.9468845073981741
logistic_regression_balanced/all/blend1.00,logistic_regression_balanced,0.6446073702488906,0.6207207207207207,0.6411870503597122,0.7392086330935251,0.7715827338129496,0.17176258992805754,191,0.003420319889178347,0.02388664952816988,0.7044634928501947,0.7114293738277239,0.7134229882454789,-0.008959495395284178,0.940085260502467
