method,link_alpha,link_position_penalty,split,top_k,n,sufficient_count,insufficient_count,sufficient_rate,answer_present_in_returned_docs_rate,mean_support_title_coverage,mean_linked_doc_count_topk,questions_with_no_hits,selected_by_valid
link_bridge_a0p85_p0p00,0.85,0.0,valid,5,1110,495,615,0.44594594594594594,0.6711711711711712,0.6549549549549549,2.443243243243243,0,1
link_bridge_a0p85_p0p00,0.85,0.0,valid,10,1110,697,413,0.627927927927928,0.7828828828828829,0.7657657657657657,5.031531531531532,0,1
link_bridge_a0p85_p0p00,0.85,0.0,valid,20,1110,826,284,0.7441441441441441,0.845945945945946,0.8346846846846847,9.021621621621621,0,1
link_bridge_a0p85_p0p00,0.85,0.0,test,5,1112,522,590,0.4694244604316547,0.6690647482014388,0.6672661870503597,2.4694244604316546,0,1
link_bridge_a0p85_p0p00,0.85,0.0,test,10,1112,738,374,0.6636690647482014,0.789568345323741,0.7841726618705036,5.08273381294964,0,1
link_bridge_a0p85_p0p00,0.85,0.0,test,20,1112,858,254,0.7715827338129496,0.8525179856115108,0.8525179856115108,8.982014388489208,0,1
